,City,Cloudiness,Country,Date,Humidity,Lat,Lon,Max Temp,Wind Speed
0,alibag,90,IN,1532224800,88,18.205237706168575,71.2345413584479,80.6,16.11
1,namatanai,32,PG,1532227578,100,1.1899803014663917,158.2111008567514,83.19,10.2
2,hermanus,0,ZA,1532227578,50,-38.16812128116597,16.81057298711937,54.84,5.61
3,atuona,36,PF,1532227579,100,-3.381856609071022,-140.75254300845768,80.04,21.27
4,nizamabad,92,IN,1532227579,82,26.115160464299123,83.04869122562098,77.25,17.47
5,punta arenas,40,CL,1532224800,92,-54.74783932487405,-88.93948605695437,30.2,5.82
6,puerto ayora,44,EC,1532227580,100,-13.053384264567953,-110.54546567560622,71.76,15.79
7,los llanos de aridane,36,ES,1532226600,68,29.6591743453441,-19.96332832094157,69.8,13.87
8,tuktoyaktuk,75,CA,1532224800,71,87.84644814255765,-125.013601645578,57.2,8.05
9,castro,32,CL,1532227581,100,-52.78167057873238,-91.9119967481334,33.87,5.5
10,merke,0,KZ,1532227581,40,42.77114066001383,73.03175639303959,68.52,1.7
11,santa cruz de tenerife,0,ES,1532226600,73,30.283277497803027,-15.571224132910828,69.8,3.36
12,busselton,32,AU,1532227421,100,-40.82864890136311,84.82288477570563,61.77,30.56
13,taolanaro,32,AU,1532227421,100,-87.71269812945751,63.06371685083491,61.77,30.56
14,ambilobe,8,MG,1532227582,69,-13.007280902365906,48.715248039444674,68.7,9.75
15,hilo,90,US,1532224860,74,7.467525672239589,-152.5729542073044,80.6,9.17
16,amderma,90,US,1532224860,74,87.38064976796124,64.17990699605713,80.6,9.17
17,nikolskoye,40,RU,1532224800,93,47.14008348183751,173.18621308818837,64.4,3.71
18,kapaa,20,US,1532224560,65,38.807853102350094,-172.07394263670088,86.0,19.46
19,kruisfontein,0,ZA,1532227584,71,-45.52582893971425,25.704410822991264,59.7,7.18
21,caravelas,56,BR,1532227584,100,-20.13205640829105,-29.889660461384068,75.27,8.97
22,berlevag,80,NO,1532227584,78,69.95134083927695,28.632131419947143,62.04,6.17
23,maniitsoq,0,GL,1532227585,95,63.90822144616533,-56.31082811615924,41.34,7.18
24,mar del plata,0,AR,1532227585,79,-57.328232946917446,-38.860764507290924,37.47,16.69
25,zarya,0,RU,1532227585,82,60.278109058410735,48.21277081764546,69.6,9.64
26,khatanga,36,RU,1532227586,93,77.15945703470805,99.79524998984351,53.85,11.77
28,lompoc,75,US,1532226900,88,22.198589273471043,-131.94484222545597,71.6,11.41
29,mataura,92,NZ,1532227421,100,-80.06421798530693,-148.84082095836087,42.78,17.02
30,bredasdorp,0,ZA,1532227587,68,-73.45427909417855,19.202922779049317,62.85,11.99
31,koshurnikovo,0,RU,1532227587,79,53.85675447305388,93.72834544629956,65.73,3.15
32,ushuaia,40,AR,1532224800,80,-71.9659998727247,-32.31238782976868,33.8,6.93
34,sentyabrskiy,92,NZ,1532227421,100,40.63852930203814,155.18051396784836,42.78,17.02
35,terekli-mekteb,0,RU,1532227588,78,43.93867630919959,45.6012166472791,72.75,5.39
36,beringovskiy,80,RU,1532227589,100,52.12107749559604,179.25200756794214,49.8,8.41
37,port pirie,75,AU,1532226780,30,-33.065220493628004,138.85829904258793,59.0,21.92
38,marovoay,40,MG,1532224800,72,-16.568242502944273,45.743196636428934,68.0,4.7
39,howard springs,0,AU,1532224800,11,-13.436944953090773,131.36666591076363,84.2,14.99
40,norman wells,90,CA,1532224800,59,82.45599937664568,-118.66958188717237,64.4,8.05
42,kodiak,1,US,1532224380,73,56.9945239696481,-157.61342274402452,75.2,6.93
43,longyearbyen,40,NO,1532226000,81,86.40017657567759,19.474592096046905,42.8,11.41
46,zhezkazgan,40,KZ,1532224800,24,48.18905885790076,66.3615938137595,82.4,17.9
47,namibe,0,AO,1532227592,99,-13.9959487405672,6.570327841928673,66.54,5.17
48,chuy,0,UY,1532227592,94,-47.499911514238235,-35.98413921682982,37.83,3.71
51,provideniya,100,RU,1532227370,100,46.347902422907794,-179.78694135187405,44.76,10.2
52,faanui,88,PF,1532227593,100,-15.501222377143648,-151.0867507325282,77.61,2.93
53,arraial do cabo,12,BR,1532227412,97,-51.12174288823418,-20.969047543743216,70.05,13.56
54,terrasini,0,IT,1532226000,32,39.29822739749969,12.858902720152969,84.2,20.8
55,jamestown,36,AU,1532226846,60,-6.136912909162021,-1.4651935416233073,54.75,14.34
57,lufilufi,76,WS,1532227594,100,-10.45602709287833,-170.0011276382073,79.95,10.31
58,rikitea,56,PF,1532227420,100,-13.442217794193368,-126.3724882882812,73.65,14.45
60,vao,44,EE,1532227595,94,-24.224020410850812,171.56525525089233,64.74,6.17
61,saleaula,44,EE,1532227595,94,5.161701426933547,-171.0173183031194,64.74,6.17
62,coquimbo,75,CL,1532224800,87,-27.91443305168277,-85.71297212923564,51.8,3.36
63,mayumba,56,GA,1532227596,95,-8.419225239558727,4.5187101036069635,68.79,4.61
64,san cristobal,75,EC,1532224800,87,-10.143678164210556,-91.6398822738243,53.6,17.22
65,matai,0,TZ,1532227597,83,-8.54035891138237,31.560619070533193,44.49,5.06
66,fallon,1,US,1532224560,65,39.61122781288728,-117.9577430515103,77.0,19.46
68,belaya gora,20,RU,1532227598,63,68.74433368747356,146.37823768584286,53.85,4.16
69,tasiilaq,8,GL,1532224200,81,65.44435389559942,-38.29643539764919,42.8,2.24
71,poum,0,MK,1532227598,88,-18.229093544039728,159.57536601804514,52.14,1.7
73,butaritari,88,KI,1532227599,100,3.774350318208107,163.4163186682842,85.44,5.61
76,hobart,20,AU,1532224800,53,-41.70005472570635,152.98146332761303,51.8,8.05
78,asau,56,PF,1532227420,100,-7.6135631803637125,177.1475560097192,73.65,14.45
81,oussouye,76,SN,1532227601,97,11.392354027238838,-17.22385288433793,80.94,12.21
82,lumsden,20,CA,1532224800,64,51.03479909722512,-104.7598230076259,71.6,18.34
83,new norfolk,20,AU,1532224800,53,-85.65269013735194,120.61658650131227,51.8,8.05
86,niquero,0,CU,1532227602,98,19.62232534620844,-77.5533884012695,83.28,4.27
87,hasaki,75,JP,1532224800,59,33.333921743855925,144.969281762781,93.2,4.7
88,bluff,0,AU,1532227603,22,-60.49841837963277,158.04247628824322,70.14,4.83
90,malartic,75,CA,1532224800,73,47.42151397335837,-77.91373188887674,69.8,2.24
91,hervey bay,36,AU,1532227603,86,-24.762902672022875,159.15239299560852,67.89,4.61
92,loikaw,100,MM,1532227604,100,20.12912605505423,97.17453425189791,70.77,2.82
95,cap-aux-meules,75,CA,1532224800,93,48.14066457381264,-62.22978465617315,62.6,14.99
97,ilulissat,75,GL,1532224200,86,73.86304139949362,-50.512047564767755,39.2,2.24
99,port elizabeth,90,US,1532226540,94,-45.89104026355635,29.013333093999393,73.4,17.22
100,vaini,92,IN,1532227606,98,-51.40479374838756,-172.8258859726385,71.04,8.41
101,artyk,92,IN,1532227606,98,65.22555313553201,146.6197094153619,71.04,8.41
102,leningradskiy,44,RU,1532227606,72,87.69350744774869,176.69171650324597,47.19,6.51
104,ponta do sol,20,BR,1532227607,73,19.791844209168744,-30.847712299910057,58.44,3.38
105,reynosa,1,MX,1532225700,58,25.547510861911093,-98.48857793726238,89.6,11.41
106,barrow,44,AR,1532227607,90,78.54838813272582,-165.93964606714408,38.37,12.66
107,guerrero negro,0,MX,1532227608,82,20.565616265836553,-122.59698941901323,72.12,11.77
108,mizan teferi,80,ET,1532227608,99,6.143963766171581,34.89053366197629,60.51,2.15
109,port hawkesbury,90,CA,1532226900,100,42.96610139506629,-60.247628322655956,60.8,11.41
111,tiksi,44,RU,1532227609,63,78.41227027382317,129.33810906918734,51.96,12.21
114,barentsburg,40,RU,1532224800,93,76.61105199296816,10.481163966464692,64.4,3.71
116,grand-lahou,92,CI,1532227610,91,5.320921729567473,-5.283250276552195,75.0,5.84
117,narsaq,75,GL,1532224200,75,77.1791261704704,-62.07839971970934,44.6,4.7
118,bandarbeyla,0,SO,1532227611,80,9.757531856638423,49.974980333100945,76.44,25.64
119,vila velha,0,BR,1532224800,78,-27.396760220614617,-27.392199542957343,80.6,11.41
120,tateyama,75,JP,1532224800,50,21.35107923151891,144.13395175992554,95.0,5.82
121,eureka,1,US,1532226900,82,41.92258759417055,-129.76753701471466,57.2,6.93
122,mount gambier,20,AU,1532227613,78,-50.561950211372526,129.52315979560802,54.75,10.76
123,burnie,92,AU,1532227613,100,-40.674252272209756,143.91821060784645,53.31,17.47
124,gat,20,SN,1532227614,88,27.27022265687914,7.267848145651072,75.27,6.62
126,saint-philippe,1,CA,1532225700,53,-38.269659236902314,61.394658248685715,78.8,4.7
127,ayacucho,80,PE,1532227615,100,-13.755900390225023,-74.05372207164017,38.82,2.71
129,bilma,56,NE,1532227615,28,21.22221485314644,13.359214796740048,81.12,3.38
130,chokurdakh,0,RU,1532227615,80,83.55202492294703,145.5874513002749,47.91,11.77
132,staryy nadym,0,RU,1532227616,57,66.43365344563756,73.2467387063582,73.29,9.86
133,avarua,75,CK,1532224800,83,-51.62811483624335,-166.9690513005607,77.0,4.7
138,jalu,0,LY,1532227624,43,26.195986293525337,25.823287015050113,74.55,4.38
140,albany,75,US,1532224440,53,-60.750885761733464,117.52956897084698,73.4,6.93
141,saint-pierre,68,FR,1532226600,93,37.022347087691784,-55.82490489826992,57.2,4.7
144,cape town,0,ZA,1532227349,72,-78.25874931371388,-13.27419651906257,65.55,16.46
149,mayo,40,CA,1532224800,31,65.01436712921446,-135.39191994365285,75.2,3.49
154,vaitupu,36,AU,1532227623,60,-10.222349388029087,-178.20023406602687,54.75,14.34
155,mabaruma,24,GY,1532227630,100,6.60286603407738,-60.65878474124837,76.08,4.94
160,thompson,75,CA,1532224800,56,67.23987411986198,-98.10967908246116,69.8,2.24
162,mildura,0,AU,1532227404,73,-33.609994613373374,141.2123481279413,57.36,13.78
163,honiara,75,SB,1532224800,74,-10.527263898029062,160.3944872426771,86.0,14.99
164,yellowknife,75,CA,1532224800,56,87.71845414358802,-113.92100266689343,69.8,18.34
167,san juan,20,PR,1532224560,83,23.00986365643486,-66.20289230648335,80.6,10.29
168,amapa,75,HN,1532224800,94,1.461558941123343,-50.47805175957072,80.6,9.17
175,azimur,44,EC,1532227580,100,33.44056275989114,-9.41530228410815,71.76,15.79
177,saint george,0,GR,1532224200,73,36.266384165762176,-61.40585853186076,69.8,3.36
178,ponta delgada,40,PT,1532226600,88,35.33245088866492,-27.39798463704915,69.8,10.29
179,yerbogachen,80,RU,1532227641,70,62.521679961092275,106.84806042068749,52.5,6.06
180,murgab,0,TM,1532224800,37,37.81211008264455,62.05867965862757,84.2,4.27
184,yate,24,GB,1532226000,93,-21.86251598488269,167.3633085379886,64.4,5.82
186,yinchuan,92,CN,1532227643,100,38.418391175169205,105.25110737465843,69.87,6.17
187,brae,88,GB,1532226000,87,68.22002797052036,-0.27341876372821616,55.4,20.8
189,constancia,0,CU,1532224740,88,23.880404553440414,-107.31691050621116,77.0,5.82
192,zeya,92,RU,1532227646,99,54.63201327609653,126.94889624503708,60.42,3.04
193,bozoum,12,CF,1532227646,91,6.324821087738528,16.230719218136187,63.12,2.93
194,torbay,90,CA,1532224800,55,50.14438969689829,-46.66333263026132,66.2,12.75
199,sandviken,92,SE,1532227648,75,60.645141082744345,16.88414524086886,62.22,5.5
200,qaanaaq,76,GL,1532227648,100,83.71041069047354,-80.65988438627429,34.59,5.5
201,shuyskoye,88,RU,1532227658,74,59.38917601883037,41.56193366319522,68.88,10.65
202,pangnirtung,0,CA,1532227658,67,70.23330953444608,-64.01595237445117,48.27,10.2
203,palmer,0,AU,1532224800,31,61.05302837755653,-147.04388447581923,60.8,25.28
204,kuusankoski,90,FI,1532226000,93,60.724068450973476,26.419424362855068,66.2,3.36
205,soe,36,EE,1532224200,100,-12.230698730772602,126.32793517672394,62.6,2.24
207,lavrentiya,92,RU,1532227663,90,72.25504087380548,-168.1327140086945,45.03,10.76
208,roanoke,90,US,1532225760,78,37.02709611221269,-79.72228781004657,73.4,4.7
212,port alfred,0,ZA,1532227664,64,-88.08509074972513,53.94907222564825,66.0,11.99
214,ribeira grande,44,PT,1532227665,100,41.67583669036773,-31.556330376575403,72.57,15.01
215,vestmannaeyjar,92,IS,1532227666,100,55.707358018413146,-18.784333361189255,48.9,10.42
216,saskylakh,88,RU,1532227666,84,77.97564421892,120.28603475267249,50.7,17.47
217,vanavara,8,RU,1532227666,45,60.41155289309617,102.38285441665431,58.8,4.16
218,tumannyy,8,RU,1532227666,45,69.21206654201771,35.570869885482125,58.8,4.16
222,kaeo,48,NZ,1532227668,88,-26.784141145538484,177.198882619355,57.45,11.43
225,aripuana,32,BR,1532227669,39,-7.891272862660159,-61.424835331684704,83.64,4.72
226,sulangan,20,PH,1532227669,100,12.202585794814055,128.68955308219984,84.27,22.06
227,muzhi,0,RU,1532227669,66,64.73479055296409,64.63965647012134,68.25,7.96
228,pishin,0,PK,1532227670,25,30.584993682232636,67.38919175837941,76.08,0.13
229,half moon bay,90,US,1532227200,93,32.8018190343106,-130.075134647798,80.6,4.7
230,mahebourg,20,MU,1532224800,64,-41.011767507347244,79.08320570192922,71.6,14.99
231,illoqqortoormiut,20,MU,1532224800,64,69.39412731795932,-23.108161002866467,71.6,14.99
233,awbari,0,LY,1532227674,25,27.380322722548343,11.938430840273412,74.91,9.08
234,pakhtakoron,0,UZ,1532227675,27,40.08258783567811,68.72730902382267,86.97,4.94
235,kyren,68,RU,1532227675,80,51.157611353639055,102.00774375378262,56.37,2.48
236,barsovo,0,RU,1532224800,58,60.385892946978856,73.40494573694511,57.2,8.95
238,georgetown,36,GY,1532227679,91,-15.75423979063737,-15.820137290476424,75.09,3.38
241,la ronge,90,CA,1532226120,60,55.24258655505227,-104.68545116225795,73.4,10.29
242,tawkar,90,CA,1532226120,60,18.52257317398221,39.16452600795546,73.4,10.29
243,ancud,8,CL,1532227684,90,-42.251125577087144,-93.804331773565,35.67,5.73
247,cedral,44,MX,1532227688,32,24.09090278808148,-100.87027511482611,72.93,6.17
248,fairbanks,1,US,1532224680,32,71.61598019715154,-144.8972281656374,82.4,3.36
249,mbuji-mayi,0,CD,1532227689,58,-5.767798488081439,23.587847253257962,59.34,6.62
251,chitrakonda,100,IN,1532227689,100,18.055345069447327,81.8891807047138,71.49,7.07
252,aksarka,0,RU,1532227689,46,67.27446805143154,67.48051853477457,73.2,8.41
254,kavieng,36,PG,1532227690,100,0.23639068310427547,153.22362700991977,84.72,10.98
256,coetupo,40,AR,1532224800,80,9.532992907826952,-77.07397629070856,33.8,6.93
257,husavik,8,CA,1532227694,67,68.58057876323599,-14.741214964454286,69.78,7.18
258,hambantota,64,LK,1532227694,91,4.581766733889239,82.83287632821765,82.65,17.69
262,tamale,80,GH,1532227695,99,9.019938355787644,-1.465700195821995,71.49,5.39
263,omboue,48,GA,1532227696,100,-3.939608168685851,4.576397499071419,72.39,8.86
266,iqaluit,75,CA,1532224800,66,62.94719950799694,-77.69822534997199,53.6,5.82
267,riacho de santana,0,BR,1532227706,81,-13.692239966757441,-43.12479014814551,65.64,10.65
270,klaksvik,76,FO,1532226000,100,71.87696805715262,-3.944194159926724,51.8,2.24
271,santa eulalia del rio,76,FO,1532226000,100,38.026087643972716,1.1407162491403824,51.8,2.24
272,kheralu,64,IN,1532227714,96,23.888667033251195,72.79166962187284,79.14,8.41
273,sioux lookout,75,CA,1532224800,77,55.024851539576844,-92.25794370734162,64.4,2.24
277,victoria,75,BN,1532224800,74,-3.2710465244007167,55.517961960203195,89.6,4.7
280,san patricio,0,PY,1532227723,86,4.922249064377979,-117.39878988829645,40.35,3.38
282,najran,0,SA,1532224800,18,17.428382433380094,45.059971777080904,84.2,4.38
283,dukat,44,RS,1532227727,87,64.50561769613563,155.68302393891167,56.55,1.92
287,kailua,75,US,1532227200,65,23.89983816542332,-156.65713355116281,87.8,9.17
291,bethel,90,US,1532224380,53,57.78246914654139,-166.11706356222226,73.4,14.99
294,turiacu,8,BR,1532227730,78,-1.0521895136959785,-45.01251011656126,79.32,3.6
297,marcona,36,PG,1532227690,100,-25.078211174705046,-87.56300988600219,84.72,10.98
298,botad,76,IN,1532227731,76,22.206512829541808,71.69320960828227,81.84,14.34
299,geraldton,90,CA,1532224800,72,-31.741482404495876,96.413162250732,62.6,3.36
302,constitucion,90,MX,1532224980,40,17.29002222256625,-122.61094997150103,71.6,20.8
303,bowen,40,AU,1532224800,56,-19.581545433263813,147.98587449547296,73.4,13.87
305,hithadhoo,8,MV,1532227737,100,-11.06803676717233,85.53233889976997,79.86,7.4
311,labranzagrande,44,CO,1532227738,94,5.704845649477804,-72.45499047886797,57.27,1.14
314,touros,88,BR,1532227739,97,0.9610382251353826,-34.2018974407203,73.56,14.0
316,avera,40,US,1532227140,83,-25.174819142280512,-155.63580401947848,80.6,3.36
317,pacific grove,90,US,1532226900,82,26.17614943121258,-136.9491794811065,66.2,6.93
318,san rafael,0,AR,1532227741,61,-17.054184797565227,-59.85865257140969,29.55,2.37
322,port lincoln,92,AU,1532227742,73,-36.1650847545467,132.94005498390942,61.77,24.29
323,huercal-overa,0,ES,1532227742,100,37.3748361164143,-2.0157501048995528,66.0,3.15
325,broken hill,0,AU,1532227743,64,-27.687382353955087,140.449163695452,58.89,15.23
328,kapit,32,MY,1532227744,85,1.4568130307486058,112.7043647053473,79.14,2.82
331,college place,1,US,1532224560,14,45.990916384977965,-118.39465525077968,86.0,8.05
336,sao joao da barra,0,BR,1532227746,96,-31.25575742831201,-28.530579049995367,74.82,20.04
339,batie,0,FR,1532226600,82,9.715325883399643,-2.68757261979124,60.8,3.36
341,ixtapa,75,MX,1532223900,84,5.627664831129081,-107.54833314816558,86.0,3.36
342,fairview,90,US,1532226120,93,57.23490719088707,-118.21125446811347,68.0,6.93
347,payo,12,ID,1532227757,100,16.933448937912644,127.91219521031024,82.29,5.73
348,viksoyri,12,ID,1532227757,100,61.373436715754565,6.821980356434466,82.29,5.73
351,lethem,20,GY,1532227758,97,4.568481388800009,-60.95254388445679,73.38,3.94
355,dikson,92,RU,1532227760,100,86.37902568539286,87.57836302253213,43.77,8.19
361,belushya guba,0,AR,1532227585,79,78.58935857072137,54.680650984886825,37.47,16.69
362,samusu,0,AR,1532227585,79,-10.073073672113395,-166.2091806800874,37.47,16.69
369,olafsvik,75,US,1532224440,53,62.24928922457369,-30.19794480157853,73.4,6.93
370,shitanjing,56,CN,1532227763,71,40.74444071849098,104.23212759786327,74.1,3.15
375,tsihombe,75,CA,1532224800,56,-30.2489806794122,46.88194441614229,69.8,18.34
377,guarapari,0,BR,1532224800,83,-25.38345143268843,-33.23363643962725,71.6,3.36
378,hamilton,90,CA,1532224800,64,28.721863198021552,-68.14144246911918,75.2,14.99
379,haines junction,56,CA,1532227766,31,60.19415101105207,-141.74548817060733,71.85,2.37
381,jumla,92,NP,1532227766,92,32.35912433076868,84.05280880719783,42.33,2.37
386,cherskiy,0,RU,1532227767,64,70.9798129753922,159.13637891058613,46.38,7.4
389,inirida,92,CO,1532227768,100,2.9111745998083762,-65.79381844202001,70.59,1.48
391,mahibadhoo,68,MV,1532227769,100,4.328452862522553,66.18563326593036,80.49,14.23
392,chicama,75,PE,1532224800,88,-9.001012937382043,-82.48723025197383,64.4,10.29
393,broome,8,GB,1532226000,82,-19.480176539268385,121.73451395165876,60.8,3.36
394,pevek,92,RU,1532227770,100,76.15377836999235,169.03399238168015,41.61,26.87
395,sault sainte marie,90,CA,1532224800,88,45.95837647570386,-84.72504484011732,69.8,6.93
396,auki,48,NG,1532227771,97,-8.927034195691235,161.97357348523695,69.87,6.29
399,moose factory,90,CA,1532224800,71,52.654564240592634,-79.82415337037544,51.8,8.05
400,sataua,90,CA,1532224800,71,-12.93745475986205,-172.71206381534458,51.8,8.05
402,waipawa,48,NZ,1532227773,73,-41.68951520534302,175.69032020194715,53.85,10.31
403,tornio,90,FI,1532226000,93,66.31873450768762,24.40172599504814,66.2,3.36
404,sistranda,40,NO,1532224200,100,63.82448780925688,8.831296501189371,51.8,5.82
407,sao filipe,0,CV,1532227778,98,5.818705742422253,-24.644265248471072,75.81,12.21
410,te anau,92,NZ,1532227516,97,-44.6641654506507,159.39115962136202,38.55,7.18
412,kahului,40,US,1532224560,65,32.79253414486621,-149.94522266717937,82.4,21.92
414,camocim,36,BR,1532227780,77,3.639518416285256,-40.57352556508883,78.69,14.79
419,kirando,0,TZ,1532227790,100,-8.140018591737913,30.66618926129385,64.65,6.96
425,vicuna,75,CA,1532224800,56,-29.401218853169212,-70.34414742813323,69.8,18.34
432,raga,75,CA,1532224800,56,7.46529206038872,25.240015682891283,69.8,2.24
433,estepona,0,ES,1532226600,82,36.38648492276586,-5.1982088679321805,73.4,3.36
435,paramonga,56,PE,1532227797,100,-12.265234744678992,-81.09742041456475,60.87,13.33
437,tamiahua,0,MX,1532227798,90,22.300287907551322,-94.98757277504481,83.19,9.64
439,talnakh,36,RU,1532227798,57,76.28215519592689,89.85588430499052,57.99,9.64
440,cidreira,0,BR,1532227799,92,-40.3496828500348,-37.087435014798814,42.6,3.38
442,linchuan,40,CL,1532224800,92,27.815474322320682,116.4505152527737,30.2,5.82
443,raudeberg,68,NO,1532226000,87,64.97969842653089,3.817571737676957,57.2,8.05
446,noumea,90,NC,1532226600,57,-25.870932365878573,163.9439126911086,75.2,9.17
447,east london,0,ZA,1532227807,96,-74.60237806887915,52.59524647646276,69.15,12.77
448,sisimiut,0,GL,1532227807,95,67.59096146507284,-54.023389136926355,35.49,3.04
449,algeciras,20,ES,1532226600,93,2.4819898233125457,-74.7857099723683,75.2,5.82
450,hearst,88,CA,1532227807,58,50.341172767226055,-83.36269390957008,68.07,6.62
452,paamiut,88,GL,1532227808,97,58.64465685653346,-54.39423386331619,40.17,22.84
454,port hedland,0,AU,1532224800,53,-24.522012036241676,123.82576360402516,77.0,11.41
459,warqla,75,CA,1532224800,71,28.486837531471238,5.058857763453545,57.2,8.05
460,marau,0,BR,1532227810,86,-28.29393614792496,-52.10618771524598,37.74,8.3
461,upernavik,20,GL,1532227810,98,76.86557622625719,-59.75753847525513,39.27,8.52
462,yunyang,0,CN,1532227811,69,33.46327176359665,112.27806101264582,87.15,5.17
463,lithakia,0,GR,1532226000,94,36.92439492977218,20.731620134526224,68.0,3.94
465,erenhot,0,CN,1532227815,70,44.21797052718742,111.6171354216371,82.47,5.5
467,esperance,40,TT,1532224800,83,-54.721481126286506,126.60520532481297,80.6,6.93
470,traverse city,90,US,1532225700,94,45.565275896395406,-85.95746459197767,69.8,9.17
473,woodward,1,US,1532225700,45,36.81404934529887,-99.33153262944325,89.6,11.41
474,jasper,36,US,1532226900,74,52.03599190794864,-117.94966288114966,82.4,5.61
475,taicheng,32,CN,1532227827,77,22.203272666553346,113.03038527993544,87.06,5.28
477,cayenne,44,GF,1532224800,100,8.058827237527652,-47.54864201414071,75.2,5.82
478,ndiekro,44,GF,1532224800,100,7.636349309737355,-4.77681419326251,75.2,5.82
482,adrar,68,DZ,1532224800,13,29.61261070945052,-1.9441605634674204,96.8,8.05
486,mys shmidta,90,CA,1532224800,55,80.06235958739072,-173.5344748389887,66.2,12.75
488,yatsuo,75,JP,1532224800,50,36.44948408461953,137.2499995201468,95.0,5.82
490,skibbereen,75,IE,1532224800,93,47.906495853315846,-9.070792154314063,60.8,9.17
492,timmins,90,CA,1532224800,78,47.771436791697965,-81.09510460719332,71.6,9.17
493,micomeseng,80,GQ,1532227843,94,2.3344416467494398,10.672848081203142,71.22,2.82
495,beloha,0,MG,1532227844,88,-24.96758434728858,45.13043850476345,62.04,13.89
503,yenagoa,64,NG,1532227849,96,2.827587215702863,4.12257190715934,72.84,2.93
506,birjand,0,IR,1532224800,9,32.52281479444085,58.07334346540611,78.8,6.93
508,dingle,92,PH,1532227850,96,47.73264289800207,-17.647241873257855,79.14,11.88
510,codrington,0,AU,1532227851,68,24.820765142586126,-57.002999015867715,60.69,3.49
511,leninogorsk,0,RU,1532227851,66,54.52554339771618,52.50231106048224,65.19,11.88
512,port jervis,90,US,1532226120,100,41.34027892028382,-74.54091463711417,69.8,11.41
516,key largo,1,US,1532224560,78,24.75954998853706,-79.66790344083056,82.4,4.7
520,clyde river,1,CA,1532224800,76,67.52936747896294,-75.83236519336857,50.0,4.7
521,montevarchi,40,IT,1532226000,88,43.54205788812712,11.557432228063362,71.6,1.12
526,tougue,92,GN,1532227855,99,11.453549985249879,-11.596160825149951,66.9,2.15
527,razole,24,IN,1532227855,93,14.448966765582014,82.59294473148378,83.28,23.85
528,mouzakion,24,IN,1532227855,93,36.0184470617626,18.667786167095784,83.28,23.85
532,moa,64,CU,1532227860,95,21.87739085272584,-74.39712090536554,74.91,1.92
533,sangar,92,RU,1532227860,56,64.33192004946906,129.0469064102018,68.52,6.62
535,sao jose da coroa grande,80,BR,1532227861,89,-12.345057352634598,-25.457066948426558,72.84,8.19
536,cockburn town,8,TC,1532227864,99,26.421507466400286,-71.32635088503032,82.2,17.69
537,sukosd,32,HU,1532227865,95,46.267293123917426,19.024605539861824,63.57,4.72
539,souillac,0,FR,1532226600,93,-36.491823798293055,64.78182400289708,59.0,2.24
541,betafo,44,MG,1532227866,95,-20.10911490837934,46.1104400945207,47.46,4.94
544,remontnoye,8,RU,1532224800,83,46.5590611202104,43.57625948307981,71.6,13.42
545,goderich,92,CA,1532227867,90,7.468651465791709,-15.77030712492234,68.7,10.54
546,henties bay,0,NA,1532227867,53,-22.640558251955994,12.558460845611421,70.5,20.04
548,aklavik,75,CA,1532224800,45,70.53954410472733,-141.05038597291235,66.2,8.05
549,lowestoft,12,GB,1532226000,82,52.01811000571021,1.9417164217926484,59.0,3.36
550,garden city,90,US,1532226120,93,38.40306850535433,-101.01080913998489,69.8,6.93
553,cam ranh,44,VN,1532227879,72,11.34257528484045,113.235748427082,87.42,8.41
554,jahrom,44,VN,1532227879,72,28.116705737550703,52.676370069370876,87.42,8.41
560,dubbo,0,AU,1532224800,37,-31.725620684530433,148.42621331948277,53.6,3.36
562,flinders,0,AU,1532224800,57,-30.364968015994883,132.91873878783815,57.2,11.41
564,wilmington,90,US,1532226180,100,39.26093685534906,-83.53788881148088,71.6,16.11
570,huarmey,0,PE,1532227884,92,-12.674410185039832,-82.46655230001696,53.67,3.83
571,mattersburg,75,AT,1532226000,100,47.65646772241661,16.359712800551478,64.4,6.93
572,honggang,20,CN,1532227884,59,45.92576980249777,124.52272228099326,91.2,3.15
573,vila,0,IT,1532226000,93,-16.247268804410908,169.7048196784918,62.6,4.7
574,upington,0,ZA,1532224800,47,-28.461758459525967,20.38655834779121,55.4,9.17
575,delaware,1,US,1532226240,93,40.40799004619279,-83.02684051469583,69.8,3.38
576,itarema,80,BR,1532227886,81,8.411011117073741,-38.619508973215375,78.87,15.57
578,canon city,76,US,1532227760,34,38.549300849501066,-106.04695459236001,74.55,2.37
579,fort smith,1,US,1532225700,36,35.44253939920567,-94.44784128776021,91.4,3.36
580,fortuna,75,ES,1532224800,83,33.73321983959323,-139.0537532834314,77.0,6.93
581,vila do maio,20,CV,1532224800,73,12.612535060883488,-21.153292735582596,75.2,11.41
583,tarakan,32,ID,1532227888,98,2.3246291782479744,119.08337272683332,81.48,3.49
586,hay river,40,CA,1532224800,68,59.015752709010144,-113.68428300455416,66.2,11.41
587,kitimat,20,CA,1532224800,47,53.207722752731684,-127.59254390768433,78.8,10.29
588,yamada,75,JP,1532224800,50,38.034521045481455,146.29956778467016,95.0,5.82
591,kavaratti,80,IN,1532227893,96,14.237026281170046,64.68256862673252,82.83,25.64
594,mendahara,1,US,1532224380,73,-1.0598422512143912,102.6176809807007,75.2,6.93
598,dicabisagan,36,PH,1532227895,80,16.4617813033188,123.94452496510962,88.5,8.19
604,bambous virieux,20,MU,1532224800,64,-30.32213098497327,79.15402585949329,71.6,14.99
605,begunitsy,40,RU,1532224800,93,59.556359322879985,29.137909451861418,64.4,1.92
610,tual,64,ID,1532227901,99,-4.869698471536438,133.48775541906605,79.5,15.46
616,kalmunai,24,LK,1532227903,59,7.036365530078314,84.61340294330978,87.06,4.61
617,sovetskiy,0,RU,1532227903,80,69.0988770873669,65.22819420244096,63.3,13.0
618,xiongyue,0,CN,1532227903,51,40.20313494380355,122.51157391797386,91.92,6.17
620,okhotsk,20,RU,1532227904,76,60.313804644604005,141.71235260403012,68.25,4.94
627,nishihara,75,JP,1532224800,50,21.576217111924066,132.5633189635896,95.0,3.36
633,karauzyak,8,GL,1532224200,81,43.568820772275245,62.09742047994084,42.8,2.24
635,kosh-agach,0,RU,1532227908,91,50.143804238726545,88.73935412939892,52.41,3.94
637,faya,40,SA,1532224800,52,21.567795649993712,25.20132960629553,69.8,3.27
638,ulaangom,8,MN,1532227909,87,49.98086668839517,91.49130472309099,56.82,3.49
640,shanting,12,CN,1532227909,65,35.0851235658122,117.49665366544286,91.02,13.22
643,san quintin,75,PH,1532224800,94,26.6414773671453,-121.66976732878607,82.4,11.41
644,san carlos del zulia,8,VE,1532227914,67,9.173853455433601,-72.22249698696766,85.35,3.04
649,aykhal,68,RU,1532227915,55,67.15361536580374,108.13592168837226,49.35,6.96
651,manati,0,AL,1532226000,82,22.308750293691702,-76.29972477640254,68.0,2.24
653,mountain home,1,US,1532224680,8,35.863218084228464,-92.30675760887031,95.0,14.99
656,havelock,1,US,1532224680,83,32.601069956127674,-74.01806824781957,80.6,14.99
660,koumac,76,NC,1532227921,68,-22.096714000912826,162.58630354495494,74.28,4.94
662,kudahuvadhoo,88,MV,1532227921,100,1.6906955309888048,63.80296754390048,78.69,9.86
663,santa maria,0,BR,1532224800,93,17.19999993130017,-21.59206892374732,39.2,2.24
665,oxbow,40,CA,1532224800,77,49.04254015256862,-102.30559106384914,68.0,14.99
668,sfantu gheorghe,56,RO,1532226600,93,44.409867761502056,30.144400499922426,66.2,4.7
669,calvia,20,ES,1532226600,88,39.535240584239034,2.3207965881954067,69.8,4.7
671,zaysan,32,KZ,1532227928,36,47.81706141680564,85.56413983295175,72.57,2.26
674,miguel hidalgo,40,MX,1532224020,26,17.376741625857676,-90.99608421346309,71.6,16.11
677,umzimvubu,92,RU,1532227760,100,-32.82578142643214,29.375643100567203,43.77,8.19
680,fort-shevchenko,0,KZ,1532227930,83,44.58769667877371,50.321761743916284,80.85,13.22
683,the pas,90,CA,1532224800,56,54.63597773590712,-101.00958651873759,73.4,12.75
687,belmonte,0,PT,1532227935,85,-17.53825300717692,-28.95644224732777,57.45,4.94
690,north branch,1,US,1532226900,77,45.951129815596516,-92.90789161406244,77.0,4.7
694,barcelos,0,PT,1532226600,100,0.7368579603070202,-62.99129391594593,60.8,1.59
698,korop,20,UA,1532227941,95,51.77802030511617,32.84456465800662,64.56,3.49
699,ngunguru,92,NZ,1532227941,100,-35.72378560865782,175.06838061585285,58.44,13.33
701,frederico westphalen,0,BR,1532227945,83,-27.440000724519834,-53.250202273485414,38.73,6.96
702,neiafu,40,TO,1532224800,65,-17.54814032612809,-174.46177774101324,77.0,5.82
710,itaituba,68,BR,1532227947,85,-4.21179896740496,-55.250055795751706,76.26,2.15
711,cabedelo,0,BR,1532224800,83,-5.515258647679374,-31.079893441539838,73.4,9.17
713,nhulunbuy,90,AU,1532224800,57,-13.040021188585143,139.21501090631267,80.6,12.75
715,swan river,48,CA,1532227958,45,52.67548868907204,-100.5333293610042,75.9,8.41
719,sestri levante,0,IT,1532226000,78,43.89516312126395,9.27751253068999,71.6,3.36
720,pauini,0,BR,1532227960,79,-8.531850321133192,-66.08734133436012,75.54,7.63
722,grand river south east,80,IN,1532227893,96,-21.944900959238936,67.67222791401139,82.83,25.64
724,atar,0,MR,1532227964,40,21.41608579763647,-11.07352483297717,81.57,5.61
730,omachi,75,JP,1532224800,52,36.4680846633032,137.83294113717034,95.0,4.7
734,evensk,0,RU,1532227967,77,64.44660416965954,161.41244068115708,61.14,2.59
736,marawi,56,PH,1532227967,71,17.335623289363298,32.13186582397881,80.4,4.16
738,el fuerte,64,MX,1532227968,80,26.569232331505134,-108.79804102293161,79.59,3.94
739,melilla,90,EC,1532224800,88,35.79275122927578,-2.46517573308725,71.6,9.17
740,itoman,40,JP,1532226180,89,19.576054725600386,130.36894145609824,87.8,23.04
741,olhao,0,PT,1532226600,53,36.75232752671869,-7.707781550282817,71.6,5.82
742,mandalgovi,0,MN,1532227972,45,46.48249828917733,106.07180834947275,73.83,9.75
744,port-gentil,64,GA,1532227973,100,-2.455388163403498,1.1879628722851407,73.02,9.98
745,sosnovo-ozerskoye,0,RU,1532227976,84,52.22463663949043,111.15971028166729,61.5,13.22
746,vardo,90,US,1532225700,93,89.39402844281412,38.8949545756162,62.6,13.87
747,dharchula,88,IN,1532227977,97,31.944842818253846,81.64618500453247,57.63,0.69
752,malaryta,40,BY,1532224800,88,51.74599041323586,23.845219734530417,62.6,2.24
754,nemuro,75,JP,1532224800,73,36.303834410502574,149.2484126385782,69.8,8.05
756,morant bay,20,JM,1532224800,70,16.796270378319278,-75.41882168111894,86.0,17.22
761,manggar,64,ID,1532227981,78,-3.86772350995156,109.05157938818752,85.44,13.44
762,mujiayingzi,36,CN,1532227981,71,41.649800858836585,118.57357065007699,83.82,3.71
764,poronaysk,80,RU,1532227981,78,49.219725534188825,145.5485261682815,62.94,7.4
767,airai,24,TL,1532227983,61,19.605268696662364,142.46449131657585,79.23,2.04
768,lasa,0,CY,1532226600,83,32.02223518746075,93.16104979744728,77.0,3.36
770,balykshi,40,CL,1532224800,92,46.021834133527506,50.74722011022274,30.2,5.82
772,reconquista,36,AR,1532227987,93,-29.57621995067025,-60.75486497030016,45.57,11.99
774,margate,20,AU,1532224800,53,-38.46889047740327,39.65527159408509,51.8,8.05
777,rafai,32,CF,1532227991,96,4.383807720585338,23.850519262819205,68.97,5.73
779,bolshegrivskoye,40,SA,1532224800,52,52.78743347839898,74.7614069194048,69.8,3.27
782,burica,8,TC,1532227864,99,6.788395462225694,-83.52377770239838,82.2,17.69
783,waingapu,12,ID,1532227993,78,-9.406427109167467,120.93202612243817,82.74,5.73
787,san angelo,1,US,1532224260,13,31.461294936152555,-100.46026834733429,98.6,9.17
790,grand gaube,20,MU,1532224800,64,-11.048223663078673,66.11245082712446,71.6,14.99
791,ankazobe,20,MG,1532226600,93,-17.96293012311152,47.34735507479826,48.2,4.7
793,ola,0,RU,1532224800,39,56.58585079100931,152.91560761767124,78.8,4.47
794,kaitangata,64,NZ,1532227999,68,-72.39519105545023,177.84454563755588,46.47,26.53
795,sitka,20,US,1532228000,39,52.45797249562389,-136.91369319400735,88.14,12.55
798,karasjok,92,NO,1532228000,88,69.57456587991825,25.100141590428734,64.92,5.06
802,pisco,0,PE,1532224800,82,-20.302814804325493,-87.86485487102165,62.6,3.36
803,bac giang,0,VN,1532224800,74,21.383637190306573,106.4969742847722,84.2,8.05
804,forestville,20,CA,1532224800,87,49.997399413521606,-69.59209406037213,60.8,3.36
809,tolaga bay,92,NZ,1532228007,93,-38.56363811405361,179.50091899279437,55.11,9.98
810,meadow lake,8,CA,1532227921,50,55.088679408465566,-108.2829820936282,68.52,7.29
812,huaicheng,32,CN,1532228008,78,24.200139756798066,112.18579652130774,87.15,3.27
819,puerto colombia,0,CO,1532224800,78,12.514000030740277,-75.5913562327316,82.4,9.17
823,keti bandar,0,PK,1532228017,96,22.506576754173025,66.0413584527189,83.1,24.07
826,labuhan,24,ID,1532228018,76,-9.821906259512247,100.98114205965055,83.82,2.26
833,paragominas,0,BR,1532228029,54,-3.0907915072277774,-47.53605332565971,83.19,7.52
835,grindavik,75,IS,1532224800,93,52.60373036681247,-24.02501180084866,48.2,11.41
836,calvinia,0,ZA,1532228030,45,-31.621639592003618,20.095626200342252,50.25,8.86
839,rocha,0,UY,1532228034,85,-39.896435065357416,-49.0293367873079,33.6,2.93
841,centenario do sul,32,BR,1532228034,69,-22.900648376028442,-51.58451590516819,57.54,2.93
845,srednekolymsk,12,RU,1532228039,55,67.0686658597237,157.66662637779302,55.74,3.38
848,warwick,90,US,1532226780,77,-28.670321644465275,152.35972832087685,69.8,12.75
852,la plaine,0,FR,1532226600,82,15.444862452488366,-60.62775682932623,60.8,3.36
855,george,40,NG,1532224800,100,-36.46497615692509,22.197706329497038,75.2,3.71
856,zhigansk,88,RU,1532228051,52,67.69246288087223,126.07350427568497,51.87,8.75
859,aflu,0,RU,1532227689,46,32.88390106207069,-0.4224261533165077,73.2,8.41
860,adeje,92,NG,1532228053,100,25.728282126940968,-18.423635143942903,72.75,3.27
861,karibib,0,NA,1532228053,42,-22.014954281310324,16.020949255653903,56.01,9.98
862,oistins,40,BB,1532224800,74,11.72486165578509,-53.802033638963564,80.6,20.8
868,arenys de mar,56,ES,1532224800,83,41.20663854256347,2.6996631283761587,75.2,2.24
869,adelaide,0,AU,1532224800,31,-35.06004004012017,137.43527003984605,60.8,25.28
872,imbituba,0,BR,1532224800,93,-30.309378378691278,-42.01630257193429,51.8,7.63
873,port augusta,75,AU,1532226780,30,-30.923727420159572,137.56056051425725,59.0,21.92
875,pundaguitan,44,PH,1532228062,95,4.819243241169161,128.88609754795368,85.89,4.61
876,sao miguel do araguaia,44,BR,1532228062,80,-13.81587412866007,-50.554646500341164,67.8,2.71
880,peniche,75,PT,1532226600,82,41.506994385560205,-16.888814275565977,66.2,12.75
883,sorland,0,NO,1532228076,100,70.18558067794257,11.144028249591884,53.49,2.71
884,balaghat,92,IN,1532228076,100,21.849136688029773,80.19791197187794,74.82,6.17
888,warmbad,92,DE,1532226000,93,-28.55625125130709,17.947770877317282,64.4,3.36
892,kungurtug,68,RU,1532228081,74,50.584306287622354,98.52375946359103,58.98,3.49
894,sigli,32,ID,1532228082,73,4.986305516894532,96.21096822932674,85.8,3.94
896,la primavera,0,AR,1532224800,65,5.524591837452391,-70.22186890421382,41.0,3.36
897,harper,1,US,1532225700,33,4.7974992790241515,-8.917331938913406,95.0,10.42
899,severo-kurilsk,88,RU,1532228084,94,42.89298470899891,163.02596496346155,53.04,8.08
900,nguiu,88,RU,1532228084,94,-10.808977021611057,131.03796345490412,53.04,8.08
902,boca do acre,0,BR,1532228085,67,-9.266543891125309,-67.67075636132265,74.19,5.17
903,road town,40,VG,1532224380,69,19.35958508803317,-63.81834646307537,82.4,8.05
904,roxana,1,US,1532226900,94,10.427986980010601,-83.6428095101531,78.8,6.93
906,loncoche,0,CL,1532224800,86,-39.422279420050465,-73.00531350011076,39.2,5.82
909,honolulu,75,US,1532227200,65,20.002746401026542,-157.6706097999857,87.8,9.17
912,nizhneyansk,32,AU,1532227421,100,85.74478935353628,139.54612312729427,61.77,30.56
913,esso,80,RU,1532228087,81,56.60251707054263,157.2340853801204,53.58,2.59
914,lazaro cardenas,40,MX,1532224080,21,3.785545998326427,-109.77975327089966,93.2,9.17
915,calamar,92,CO,1532228088,98,0.9555202750269416,-72.99159169489984,69.33,1.14
917,bongandanga,20,CD,1532228089,95,1.0778618331635528,19.54433764567233,70.77,3.49
918,middelkerke,8,BE,1532226000,100,51.1805678403731,2.7779122928752997,55.4,4.7
921,zatoka,0,PL,1532226600,93,45.12554425968594,31.351790941345058,57.2,2.24
924,baruun-urt,0,MN,1532228091,60,48.266979325466565,113.49725768417056,73.29,10.2
925,sao felix do xingu,0,BR,1532228091,59,-8.848369709694268,-52.02808230576305,76.17,3.27
926,saldanha,0,PT,1532228092,90,-44.5465054105385,-4.641183249483021,55.11,5.5
927,santa elena,40,EC,1532224800,88,-25.37049793503178,-56.840890239056534,69.8,11.41
928,teguldet,76,RU,1532228093,70,59.03048587279315,87.72043936272757,62.04,7.96
929,tuy hoa,64,VN,1532228093,68,13.074938524301956,108.8165528793885,88.59,20.6
932,chrastava,76,CZ,1532228094,66,50.80067529576496,14.875983816864306,59.07,3.6
933,san jeronimo,64,PE,1532228094,99,6.534044574630528,-105.6637797248784,38.37,2.04
938,petropavlovsk-kamchatskiy,90,RU,1532224800,93,52.26502836389247,162.43303827428468,59.0,4.47
942,lasem,20,ID,1532224800,66,-4.84679530539124,112.09818805255833,84.2,3.36
943,burla,92,RU,1532228097,100,53.120952592067,77.86410057375929,54.3,15.23
944,prata,0,BR,1532228098,56,-19.363034710826668,-48.56731109271678,63.03,3.71
946,tundla,92,IN,1532228098,100,27.130362983683924,78.28612726420727,79.32,3.38
947,alyangula,20,AU,1532228099,85,-16.6557686336336,138.57401851697296,76.8,18.25
954,luanda,64,AO,1532228104,99,-9.517702174512635,10.88015850162185,66.0,3.6
958,ostrovnoy,8,RU,1532228105,57,77.62824169833334,40.46749000140278,72.57,12.77
961,zhanakorgan,0,KZ,1532228109,23,45.02444052782417,67.6760290454888,86.25,4.61
964,tigil,0,RU,1532228110,51,59.15741107942583,156.89969908989497,75.99,8.97
967,nerja,0,ES,1532226600,82,36.40519173821609,-3.8310115330132533,68.0,3.36
971,santa catalina,75,PH,1532224800,79,11.228457256832698,-75.66392227221009,86.0,6.93
976,isiro,76,CD,1532228114,98,3.9625182476895446,27.210541287222327,68.88,2.48
981,vilcun,88,CL,1532228119,98,-38.652063986591926,-70.89462500127208,33.96,3.71
982,alice springs,0,AU,1532224800,17,-27.444684517448678,137.12558498556285,73.4,12.75
985,san carlos de bariloche,90,AR,1532224800,86,-43.05098632016956,-70.77561238220466,30.2,21.92
990,krasnyy yar,76,RU,1532228121,96,46.932336407861555,48.549774803557824,65.55,4.61
992,northam,36,GB,1532224200,68,-27.916981638969304,120.28325834589327,64.4,9.17
994,champerico,40,MX,1532224080,54,7.824341959252777,-94.70933776800932,84.2,13.87
996,yulara,0,AU,1532224800,19,-21.484767771522243,130.38982522589475,75.2,12.75
999,glens falls,1,US,1532224560,56,43.27628306246274,-73.57396734845216,73.4,8.05
1001,awjilah,0,LY,1532228124,51,26.110800713052825,19.60463691792586,74.28,7.74
1003,lebu,75,ET,1532224800,93,-33.03974655505911,-103.22451261833072,57.2,4.7
1004,shahr-e babak,0,IR,1532228125,15,30.16412832498655,54.29522841986844,70.59,5.06
1009,bodden town,20,KY,1532224800,79,19.50928440814114,-80.97914611213285,86.0,10.29
1012,stijena,8,BA,1532228133,96,44.81869638347979,16.032246126362594,62.31,2.26
1013,zinder,12,NE,1532228134,95,13.772705496357375,9.247020338260512,71.04,7.63
1014,springdale,5,US,1532224680,48,48.493702384320216,-56.450800353983595,84.2,4.7
1017,khategaon,92,IN,1532228138,97,22.76790985021536,76.92782790344216,76.17,10.98
1018,rio gallegos,90,AR,1532224800,100,-51.24522077082688,-68.13605951585686,32.0,10.29
1019,lorengau,56,PG,1532228139,98,-1.1980336644391656,146.56119963728213,83.82,11.21
1021,north bend,1,US,1532225700,72,43.39146840389296,-125.16837209747422,62.6,29.97
1031,dickinson,90,US,1532226120,82,47.699198098331266,-102.5401478093288,66.2,17.22
1034,carnarvon,0,ZA,1532228146,67,-28.230340717612094,98.45013586601169,38.82,9.64
1035,khani,40,GE,1532226600,93,59.11941847760758,119.67621840929718,66.2,2.24
1040,comodoro rivadavia,0,AR,1532224800,100,-47.381718822574875,-63.71406430923156,44.6,5.82
1044,mastic beach,90,US,1532226960,60,37.60270057215456,-71.16923288310637,69.8,12.75
1045,chagoda,92,RU,1532228153,93,59.65932610041759,35.769265183161224,68.52,8.08
1046,vila franca do campo,40,PT,1532226600,88,46.18743601682365,-20.65944171669196,69.8,10.29
1048,dunedin,8,NZ,1532228154,52,-56.649060634490965,177.34970260920727,47.64,13.33
1053,hofn,80,IS,1532228155,98,58.774065894242966,-14.349248071252902,50.43,1.03
1061,takoradi,100,GH,1532228163,98,-0.869481211973465,-0.20452786750985297,76.89,8.41
1062,aksu,90,KZ,1532226600,100,40.58159081810916,78.65588868660359,55.4,11.18
1064,carlos barbosa,0,BR,1532228165,86,-29.38954165130935,-51.51959758821471,39.09,2.04
1072,kandrian,100,PG,1532228170,91,-6.600762496414063,149.832963375644,78.6,7.74
1073,guerrero,0,AR,1532224800,86,26.783924873614197,-99.08295816106612,41.0,2.37
1077,lucapa,0,AO,1532228107,54,-7.377784567647737,19.268862080333093,51.78,6.62
1089,lagoa,0,PT,1532226600,53,48.12630189972691,-30.34319215226816,71.6,5.82
1090,taltal,36,CL,1532228187,86,-25.38388442937763,-82.41398369062037,48.99,4.38
1091,camacha,40,PT,1532226600,72,37.50723539578871,-15.50740709990049,69.8,6.93
1092,abu samrah,0,SY,1532228187,94,19.91477574253109,49.99332758326574,70.23,10.76
1094,matara,64,PE,1532228191,99,0.9968162846430033,80.74532069914454,38.37,2.04
1097,lujan,8,AR,1532228192,74,-33.62358793297865,-69.55442524197375,31.17,12.77
1100,davidson,5,US,1532228700,74,50.88557264541876,-106.3692515024625,78.8,4.7
1101,banda aceh,64,ID,1532228193,70,5.469514435573231,94.39160082774589,84.81,4.94
1103,marigot,20,HT,1532228194,100,17.73285244697955,-63.95410815712229,81.12,11.65
1104,puerto el triunfo,20,SV,1532224200,74,9.609883428010463,-89.92873259020867,84.2,4.7
1113,kamenskoye,1,US,1532227980,88,64.27339518655461,164.54028925785627,69.8,5.82
1116,valparaiso,90,US,1532227500,83,-32.17256344812787,-74.70562922927093,71.6,6.93
1118,coihaique,0,CL,1532224800,64,-48.67009730352334,-73.92891759114725,32.0,9.17
1119,ashtarak,0,AM,1532226600,64,40.303381220229795,44.34137262012209,68.0,2.15
1120,praia da vitoria,75,PT,1532224800,83,47.35073860546575,-21.922820727261154,71.6,15.57
1126,tuyen quang,8,VN,1532228200,92,21.75473938377759,105.19084063620141,84.09,3.38
1130,sao miguel do iguacu,0,BR,1532228400,87,-25.563933150299334,-54.15549710836841,44.6,2.59
1131,maragogi,80,BR,1532228205,89,-15.689457735652525,-25.37019934090779,72.84,8.19
1132,clarksville,1,US,1532225700,73,36.54640990627388,-87.26990648588773,77.0,9.17
1135,bud,88,NO,1532226000,82,68.03793420773778,4.692747731731856,57.2,6.93
1137,kurchum,12,KZ,1532228210,50,48.65732092734484,83.96047489659259,77.43,4.16
1139,doha,0,QA,1532224800,70,23.679665373477988,52.543987752733074,89.6,6.93
1141,ameca,32,MX,1532228212,85,20.611402536785704,-104.06139885882824,67.44,2.04
1146,assiniboia,0,CA,1532228130,77,49.16798750634942,-106.46495221680671,69.69,8.08
1147,tukrah,0,CA,1532228130,77,33.54015689064414,19.413143176615534,69.69,8.08
1150,phan rang,75,BN,1532224800,74,8.39142345298859,111.9459165975951,89.6,4.7
1154,morgan city,1,US,1532226900,88,26.01548799348005,-92.3140240579731,82.4,4.7
1155,udachnyy,44,RU,1532228215,56,67.45290260537811,114.12399974276093,52.32,4.38
1158,charters towers,8,AU,1532228216,83,-22.303696383826207,143.8686748173668,69.6,5.17
1160,willowmore,0,ZA,1532228217,50,-32.426003002231404,22.61167929143687,45.39,5.5
1163,flic en flac,20,MU,1532224800,64,-20.127444345877734,56.63094559296897,71.6,14.99
1168,sogne,0,NO,1532226000,72,57.761970000464515,8.029927504188123,60.8,5.82
1170,bur gabo,68,RU,1532228081,74,-4.404487667126659,46.55143351197975,58.98,3.49
1173,aguimes,20,ES,1532226600,73,26.3484118086766,-15.54398866080166,69.8,24.16
1177,bridlington,64,GB,1532226000,82,54.84652213738843,1.8459737839444301,60.8,4.7
1185,onalaska,75,US,1532226960,68,44.414202956010826,-90.99308653574177,73.4,10.29
1186,adolfo lopez mateos,92,MX,1532228234,50,28.928082000297223,-107.13478806790228,89.85,1.14
1188,kloulklubed,90,PW,1532224380,83,4.773738014345895,135.53797878543355,80.6,4.7
1197,gidole,68,ET,1532228237,85,5.268883868167322,37.511042592509824,60.15,2.37
1199,sibolga,48,ID,1532228237,82,-1.981223024323043,93.14783031020585,77.25,2.04
1201,davila,75,PH,1532224800,94,20.314447619134313,118.7529526163899,82.4,11.41
1202,byron bay,0,AU,1532224800,40,-28.776688649364942,154.7905650612122,68.0,9.17
1203,savannah bight,88,HN,1532228239,100,18.594769509339613,-85.19462064479677,78.06,13.33
1220,oriximina,0,BR,1532228259,80,0.8200675267620596,-55.88446647967521,78.06,1.92
1221,sisophon,80,KH,1532228259,64,13.075432780080959,103.45392142408741,86.61,17.81
1222,muli,92,IN,1532228259,83,2.244641749364206,75.98474440925034,80.49,10.98
1224,komsomolskiy,0,RU,1532228260,53,75.90459561017965,175.22667438280672,72.3,11.65
1225,nsanje,76,MZ,1532228260,98,-16.855326533502208,34.85433368838699,61.05,2.37
1226,uyemskiy,0,RU,1532226600,72,66.51994573942014,41.33776744394058,66.2,6.71
1228,port-cartier,40,CA,1532224800,63,53.839802276570225,-68.33474142906529,66.2,9.17
1229,poso,56,ID,1532228263,100,-1.106228797132971,120.64679360693339,82.92,2.59
1236,puerto escondido,40,MX,1532223660,70,9.90956034079737,-98.89872800181585,84.2,3.36
1247,machico,40,PT,1532226600,64,31.057722885777167,-15.311724555890862,69.8,9.17
1249,nanortalik,88,GL,1532228277,100,55.24066545518869,-39.83937238464256,38.19,24.74
1251,havoysund,0,NO,1532226000,82,74.10422069099641,24.89370081199624,60.8,2.24
1254,necochea,8,AR,1532228281,97,-47.42918235896571,-55.18217801533875,38.91,12.66
1257,ketchikan,1,US,1532224560,64,49.96367956603564,-135.5106770487861,68.0,11.41
1269,fenoarivo,20,MG,1532226600,93,-17.797617541023968,46.04802931581358,48.2,4.7
1270,celestun,12,MX,1532228288,94,24.335851937039507,-92.2791884451186,84.27,19.26
1271,beruwala,80,LK,1532228289,97,5.719359060598094,79.07877561426676,80.31,17.36
1274,kidal,0,ML,1532228289,51,17.783611142807814,4.2017867702577405,79.59,10.42
1275,attawapiskat,0,ML,1532228289,51,57.93421918747222,-86.42998251943827,79.59,10.42
1277,altay,0,CN,1532228291,57,47.30685165186813,88.01098359354387,62.49,2.37
1278,fare,76,PF,1532228291,100,-9.091841281468646,-148.04356575361584,76.8,13.44
1282,mehamn,68,NO,1532228292,81,78.73322043765111,28.773026560157604,62.94,7.18
1286,kibara,0,TZ,1532228293,94,-2.4846542589720855,33.587726371707845,63.75,12.21
1287,bathsheba,40,BB,1532224800,74,17.164224561125167,-54.838993675716495,80.6,20.8
1289,viedma,80,AR,1532228294,89,-43.229836240438345,-60.92767830810783,39.99,10.09
1290,eydhafushi,48,MV,1532228294,100,5.30187820346039,71.76902009108474,80.58,15.79
1292,malkangiri,92,IN,1532228298,100,18.63465313894352,82.1876054509791,72.57,5.39
1306,babol,90,IR,1532224800,94,36.29917244315277,52.62534034065365,78.8,11.41
1312,kieta,44,PG,1532228306,91,-1.0284646539387268,158.11093510467083,82.2,7.18
1318,sitges,76,ES,1532226600,73,40.79981344432096,1.9634812189978277,75.2,3.36
1320,doka,88,SD,1532228310,96,13.443653590822109,35.590616768954305,69.51,2.59
1321,banmo,88,SD,1532228310,96,24.06902027017867,97.47457369486028,69.51,2.59
1323,anar darreh,0,ZA,1532228311,50,32.95803632219018,60.81311002843603,54.84,5.61
1325,fort abbas,12,PK,1532228315,57,28.77252574035451,72.70502764762728,93.45,8.97
1328,tuatapere,92,NZ,1532228319,100,-49.270445777671874,160.3409088985561,43.05,17.36
1330,dudinka,44,RU,1532228320,53,73.11966907395356,86.23719519741871,68.07,8.86
1332,changde,8,CN,1532228320,81,28.56882742072284,111.23244811449922,91.29,4.94
1334,emerald,0,AU,1532228321,29,-24.8079949754638,144.8581715902668,68.43,5.39
1335,portland,1,US,1532224380,36,-57.36961196500165,130.35983705664938,80.6,10.29
1336,paysandu,0,UY,1532228334,84,-32.14311226419624,-58.04761809258278,40.71,9.31
1341,houma,12,CN,1532228335,64,26.5653845768297,-90.85531456867952,84.9,5.28
1346,kamenka,76,RU,1532228337,98,66.05040680677862,43.11687720427818,67.08,8.41
1350,hibbing,75,US,1532226960,77,47.05124444373433,-93.28538612849268,69.8,5.82
1354,buqayq,90,US,1532225700,93,26.732579220662714,47.6141275403545,62.6,13.87
1355,dolbeau,90,US,1532225700,93,53.93059379697786,-71.33178844170125,62.6,13.87
1366,phuket,40,TH,1532224800,70,7.243228598024032,98.5111784311963,86.0,16.11
1368,luderitz,0,NA,1532228349,63,-32.56765736110371,1.9322918151059127,58.62,4.38
1369,belgrade,0,RS,1532226600,83,46.43508300860847,-110.82728495186302,71.6,1.12
1373,blagodatnoye,76,RU,1532228351,99,45.42353603565857,42.60395140903145,65.37,3.04
1374,tolyatti,40,RU,1532226600,88,53.340603655477196,49.46561019510264,64.4,11.18
1377,great yarmouth,12,GB,1532226000,82,55.11713527592312,2.8844296912398875,59.0,3.36
1384,stornoway,90,US,1532224380,53,58.428117439576766,-5.700631627863771,73.4,14.99
1388,ippy,24,CF,1532228359,91,5.941472467131632,21.02606731358415,70.14,2.37
1389,ashqelon,0,IL,1532226000,73,31.877682950774016,33.67205037437344,80.6,5.82
1392,hanyang,76,CN,1532228360,94,27.331822455148227,119.3028866259034,77.43,2.59
1395,muravlenko,32,RU,1532228322,64,63.95480797139871,71.76242264085079,61.59,7.4
1396,palu,20,ID,1532228361,81,0.757775672869542,119.47504593156577,76.53,2.04
1398,ullapool,92,GB,1532228361,99,58.777121490364294,-4.735893151840969,56.1,16.46
1409,zonguldak,64,TR,1532228364,92,41.69123440642778,31.75608006537638,70.14,3.6
1411,mao,40,DO,1532224800,83,14.37799868135258,15.133345074777935,80.6,8.05
1415,mount isa,0,AU,1532224800,13,-25.4333748724125,139.50565565411466,68.0,6.93
1419,zalantun,0,CN,1532228366,72,48.40450839884241,121.68679963708138,83.28,5.73
1421,corinto,0,BR,1532228367,65,10.29174479375422,-88.48155556809445,61.23,6.51
1423,tabiauea,88,BR,1532228367,97,-3.517270125594152,169.31120361339782,73.56,14.0
1429,ahipara,88,NZ,1532228369,92,-37.038327438171336,170.0606760132942,57.72,13.67
1431,nisporeni,0,MD,1532226600,88,47.109173287454325,28.265356807301856,66.2,3.36
1432,neuquen,0,AR,1532228369,81,-40.56778644211759,-69.22883024341554,34.77,12.44
1437,bay roberts,90,CA,1532224800,55,47.10729769546256,-53.544600945890664,66.2,12.75
1438,muros,75,ES,1532226600,100,41.81469209735047,-16.72779370827689,60.8,4.7
1447,loreto,12,PY,1532228373,82,25.844188085921047,-111.427331190633,47.1,3.38
1454,pangkalanbuun,80,ID,1532228374,83,-1.6441883716531578,110.69031566527207,83.28,7.74
1461,shubarshi,100,KZ,1532228376,42,47.164445094624654,56.681964708422726,78.87,19.26
1462,ankazoabo,20,MG,1532228376,80,-22.430178061751292,45.11155759247984,58.08,6.06
1469,malwan,0,RU,1532228299,80,14.517593100520969,70.04876940367564,47.91,11.77
1471,turukhansk,64,RU,1532228378,62,63.40770313855708,88.142406972,56.64,4.05
1475,qaqortoq,75,GL,1532227800,75,66.4204897641192,-45.98818985309987,44.6,3.36
1477,bengkulu,40,CL,1532224800,92,-12.62467796793942,95.97446947000537,30.2,5.82
1478,rancho palos verdes,20,US,1532224500,78,33.122655871664065,-118.3682111126422,87.8,17.22
1479,gamba,88,CN,1532228380,92,-5.881951016984289,5.886420169969284,37.65,1.81
1484,toliary,20,AU,1532224800,53,-25.30900573641145,42.46290593763942,51.8,8.05
1487,opuwo,0,NA,1532228382,62,-16.894847597539766,13.620492918942773,45.93,7.18
1492,karratha,0,AU,1532228383,39,-18.568578622555734,111.81811608214878,75.72,6.96
1493,trois-pistoles,0,AU,1532228383,39,48.17857827652438,-69.29624973708219,75.72,6.96
1497,hovd,0,NO,1532226000,93,46.564743250037054,101.21585423291475,51.8,5.82
